Designator,Val,Package,Mid X,Mid Y,Rotation,Layer
C5,1uF,C_0805_2012Metric,201.012913,-13.237087,45,bottom
C6,1uF,C_0805_2012Metric,211.237087,-26.362913,45,bottom
C7,1uF,C_0805_2012Metric,217.287087,-20.112913,225,bottom
C8,1uF,C_0805_2012Metric,211.412913,-8.662913,135,bottom
C9,22pF,C_0805_2012Metric,202.4,-5.5625,270,bottom
C10,22pF,C_0805_2012Metric,195.95,-5.5875,90,bottom
C11,1uF,C_0805_2012Metric,202.537087,-23.762913,225,bottom
D1,SOD-123,D_SOD-123,157.1625,11.05,270,bottom
D2,SOD-123,D_SOD-123,236.5375,49.15,270,bottom
D3,SOD-123,D_SOD-123,255.5875,49.15,270,bottom
D4,SOD-123,D_SOD-123,274.6375,49.15,270,bottom
D5,SOD-123,D_SOD-123,293.6875,49.15,270,bottom
D6,SOD-123,D_SOD-123,-57.15,30.1,270,bottom
D7,SOD-123,D_SOD-123,-38.1,30.1,270,bottom
D8,SOD-123,D_SOD-123,-19.05,30.1,270,bottom
D9,SOD-123,D_SOD-123,0,30.1,270,bottom
D10,SOD-123,D_SOD-123,19.05,30.1,270,bottom
D11,SOD-123,D_SOD-123,38.1,30.1,270,bottom
D12,SOD-123,D_SOD-123,57.15,30.1,270,bottom
D13,SOD-123,D_SOD-123,76.2,30.1,270,bottom
D14,SOD-123,D_SOD-123,94.45625,30.1,270,bottom
D15,SOD-123,D_SOD-123,114.3,30.1,270,bottom
D16,SOD-123,D_SOD-123,133.35,30.1,270,bottom
D17,SOD-123,D_SOD-123,152.4,30.1,270,bottom
D18,SOD-123,D_SOD-123,200.025,30.1,270,bottom
D19,SOD-123,D_SOD-123,236.5375,30.1,270,bottom
D20,SOD-123,D_SOD-123,255.5875,30.1,270,bottom
D21,SOD-123,D_SOD-123,274.6375,30.1,270,bottom
D22,SOD-123,D_SOD-123,293.6875,30.1,270,bottom
D23,SOD-123,D_SOD-123,-52.3875,11.05,270,bottom
D24,SOD-123,D_SOD-123,-33.3375,11.05,270,bottom
D25,SOD-123,D_SOD-123,-14.2875,11.05,270,bottom
D26,SOD-123,D_SOD-123,4.7625,11.05,270,bottom
D27,SOD-123,D_SOD-123,23.8125,11.05,270,bottom
D28,SOD-123,D_SOD-123,42.8625,11.05,270,bottom
D29,SOD-123,D_SOD-123,61.9125,11.05,270,bottom
D30,SOD-123,D_SOD-123,80.9625,11.05,270,bottom
D31,SOD-123,D_SOD-123,100.0125,11.05,270,bottom
D32,SOD-123,D_SOD-123,119.0625,11.05,270,bottom
D33,SOD-123,D_SOD-123,138.1125,11.05,270,bottom
D34,SOD-123,D_SOD-123,200.025,11.05,270,bottom
D35,SOD-123,D_SOD-123,236.5375,11.05,270,bottom
D36,SOD-123,D_SOD-123,255.5875,11.05,270,bottom
D37,SOD-123,D_SOD-123,274.6375,11.05,270,bottom
D38,SOD-123,D_SOD-123,-57.94375,-7.875,270,bottom
D39,SOD-123,D_SOD-123,-23.8125,-8,270,bottom
D40,SOD-123,D_SOD-123,-4.7625,-8,270,bottom
D41,SOD-123,D_SOD-123,14.2875,-8,270,bottom
D42,SOD-123,D_SOD-123,33.3375,-8,270,bottom
D43,SOD-123,D_SOD-123,52.3875,-8,270,bottom
D44,SOD-123,D_SOD-123,71.4375,-8,270,bottom
D45,SOD-123,D_SOD-123,90.4875,-8,270,bottom
D46,SOD-123,D_SOD-123,109.5375,-8,270,bottom
D47,SOD-123,D_SOD-123,128.5875,-8,270,bottom
D48,SOD-123,D_SOD-123,147.65,-8,270,bottom
D49,SOD-123,D_SOD-123,171.45,30.1,270,bottom
D50,SOD-123,D_SOD-123,180.975,-8,270,bottom
D51,SOD-123,D_SOD-123,236.5375,-8,270,bottom
D52,SOD-123,D_SOD-123,255.5875,-8,270,bottom
D53,SOD-123,D_SOD-123,274.6375,-8,270,bottom
D54,SOD-123,D_SOD-123,293.6875,-8,270,bottom
D55,SOD-123,D_SOD-123,-61.9125,-27.05,270,bottom
D56,SOD-123,D_SOD-123,-38.1,-27.05,270,bottom
D57,SOD-123,D_SOD-123,-14.2875,-27.05,270,bottom
D58,SOD-123,D_SOD-123,61.8,-27.05,270,bottom
D59,SOD-123,D_SOD-123,128.5875,-27.05,270,bottom
D60,SOD-123,D_SOD-123,152.4,-27.05,270,bottom
D61,SOD-123,D_SOD-123,176.2125,-27.05,270,bottom
D62,SOD-123,D_SOD-123,242.09375,-26.925,270,bottom
D63,SOD-123,D_SOD-123,255.5875,-27.05,270,bottom
D64,SOD-123,D_SOD-123,200,-31.15,270,bottom
D65,SOD-123,D_SOD-123,-93.2,-23.55,90,bottom
D66,SOD-123,D_SOD-123,-90.4875,30.1625,270,bottom
D67,SOD-123,D_SOD-123,-90.4875,11.05,270,bottom
D68,SOD-123,D_SOD-123,-90.4875,-8,270,bottom
D69,SOD-123,D_SOD-123,-66.675,49.15,270,bottom
D70,SOD-123,D_SOD-123,-47.625,49.15,270,bottom
D71,SOD-123,D_SOD-123,-28.575,49.15,270,bottom
D72,SOD-123,D_SOD-123,-9.525,49.15,270,bottom
D73,SOD-123,D_SOD-123,9.525,49.15,270,bottom
D74,SOD-123,D_SOD-123,28.575,49.15,270,bottom
D75,SOD-123,D_SOD-123,47.625,49.15,270,bottom
D76,SOD-123,D_SOD-123,66.675,49.15,270,bottom
D77,SOD-123,D_SOD-123,85.725,49.15,270,bottom
D78,SOD-123,D_SOD-123,104.775,49.15,270,bottom
D79,SOD-123,D_SOD-123,123.825,49.15,270,bottom
D80,SOD-123,D_SOD-123,142.875,49.15,270,bottom
D81,SOD-123,D_SOD-123,161.925,49.15,270,bottom
D82,SOD-123,D_SOD-123,180.975,49.15,270,bottom
D83,SOD-123,D_SOD-123,200.025,49.15,270,bottom
D84,SOD-123,D_SOD-123,186.15,-4.65,90,bottom
D85,SOD-123,D_SOD-123,-46.0375,-7.9375,270,bottom
D86,SOD-123,D_SOD-123,173.83125,11.05,270,bottom
D87,SOD-123,D_SOD-123,293.6875,14.35,90,bottom
D88,SOD-123,D_SOD-123,277.8125,-4.7,90,bottom
D89,SOD-123,D_SOD-123,-90.4875,-27.05,270,bottom
D90,SOD-123,D_SOD-123,274.6375,-27.05,270,bottom
J1,Conn_01x04_Female,JST_SH_SM04B-SRSS-TB_1x04-1MP_P1.00mm_Horizontal,209.9,40.2,0,bottom
R4,10K,R_0805_2012Metric,198.15,-18.6625,90,bottom
R5,10K,R_0805_2012Metric,218.212913,-14.487087,225,bottom
SW1,SW_Push,SKQG-1155865,192.5,-21.6,180,bottom
U1,ATmega32U4-AU,TQFP-44_10x10mm_P0.8mm,208.75625,-17.4625,45,bottom
Y1,Crystal_GND24_Small,Crystal_SMD_3225-4Pin_3.2x2.5mm,199.2,-5.6,180,bottom